{
    "cor": "#2f3136",
    "banner": "Não Configurado",
    "miniatura": "Não Configurado",
    "mensagem_compra": {
        "titulo": "botwxzzyrs | Produto",
        "desc": "```#{desc}```\n🪐** | Nome: #{nome}\n💸 | Preço: __R$#{preco}__\n📦 | Estoque: __#{estoque}__**",
        "rodape": "Sem Rodapé",
        "button": {
            "text": "Comprar",
            "style": 2,
            "emoji": "<:carrin_cloud:1221873043958268045>"
        }
    },
    "banks": [],
    "duvidas": {
        "status": true,
        "channel": "1236865557169705042",
        "label": "Dúvidas",
        "emoji": "🔗"
    },
    "automod": {
        "autorole": [],
        "mensagem_auto": {
            "system": false,
            "mensagem": [
                {
                    "title": "",
                    "desc": "",
                    "banner": null,
                    "channel": "",
                    "tempo": 1,
                    "ind": 1
                }
            ]
        },
        "boasvindas": {
            "message": null,
            "tempoaapgar": null,
            "canais": []
        },
        "antifake": {
            "dias": null,
            "status": [],
            "nomes": []
        }
    }
}