{
    "vendas": true,
    "pix": false,
    "pagarsite": false,
    "tempmax": 10,
    "acess_token": "",
    "saldo": true,
    "saldobonus": 0,
    "saldomin": 0,
    "semiauto": true,
    "chavepix": "asdasdas",
    "tipochave": "Aleatória",
    "qrcode": "Não Configurado",
    "logs_adm": "1237158967638233128",
    "logs_public": "1236865557169705042",
    "roles_client": "1233208370971021344",
    "category": "1236866529660768439",
    "notifycart": true,
    "notifyaprovved": true,
    "notifystock": true,
    "terms": "Sla asldasldlasdlasl\n- ajksdkasdlaskdas\n- aksdksadkaskda",
    "channel_fedback": "1236866897568600075"
}